sno,sentiment,valuep,valuen
1,0,0.9700709,0.029929
2,1,0.2827795,0.71722
3,0,0.6305577,0.369442
